과목, 질병,
소화기 내과, 위식도역류질환,
소화기 내과, 위십이지장궤양,
소화기 내과, 담석증,
소화기 내과, 위암,
소화기 내과, 위염,
소화기 내과, 대장암,
소화기 내과, 간염,
소화기 내과, 간경화,
소화기 내과, 변비,
소화기 내과, 설사,
호흡기 내과, 기관지염,
호흡기 내과, 폐결핵,
호흡기 내과, 폐암,
호흡기 내과, COPD (만성폐쇄성 폐 질환),
호흡기 내과, 폐렴,
호흡기 내과, 폐색전,
심장내과, 심뇌혈관 질환,
심장내과, 고지혈증,
심장내과, 관상동맥질환,
심장내과, 심부전,
심장내과, 협심증,
심장내과, 심근경색,
심장내과, 심낭염,
심장내과, 대동맥류,
심장내과, 대동맥박리,
심장내과, 판막질환,
심장내과, 부정맥,
신장내과, 요로 감염,
신장내과, 사구체신염,
신장내과, 급성신부전,
신장내과, 복막투석,
신장내과, 혈액투석,
신장내과, 투석 혈관 시술,
신장내과, 다낭성 신질환,
내분비내과, 당뇨,
내분비내과, 갑상선 기능 항진증,
내분비내과, 갑상선암,
내분비내과, 골다공증,
내분비내과, 비만,
내분비내과, 부신 질환,
내분비내과, 뇌하수체 질환,
감염 내과, 각종 감염질환,
감염 내과, 에이즈,
감염 내과, 폐외결핵,
감염 내과, 여행자 감염,
감염 내과, 발열 질환,
감염 내과, 쯔쯔가무시,
감염 내과, 인플루엔자,
감염 내과, 장티푸스,
감염 내과, 기생충 감염병,
감염 내과, 파상풍,
류머티즘내과, 루프스,
류머티즘내과, 류머티즘 관절염,
류머티즘내과, 퇴행성 관절염,
류머티즘내과, 쇼그렌 증후군,
류머티즘내과, 베체트병,
류머티즘내과, 강직성 척추염,
혈액내과, 혈액 암,
혈액내과, 빈혈,
혈액내과, 혈소판 감소증,
혈액내과, 백혈병,
혈액내과, 혈관염,
종양내과, 악성 종양,
종양내과, 빈혈 (악성 빈혈, 철 결핍성 빈혈)
종양내과, 림프 및 백혈병,
알레르기내과, 천식,
알레르기내과, 아토피,
알레르기내과, 두드러기,
알레르기내과, 알레르기성 비염,
알레르기내과, 아나필락시스,
유방 갑상선 외과, 유방암,
유방 갑상선 외과, 유방 파제트병,
유방 갑상선 외과, 유방재건수술,
유방 갑상선 외과, 갑상선암,
유방 갑상선 외과, 갑상선염 (급성 화농성 갑상선염),
수부외과, 절단된 수부 재건술,
수부외과, 손목터널 증후군,
수부외과, 테니스 엘보,
수부외과, 방아쇠수지,
간담도췌외과, 췌십이지장절제술,
간담도췌외과, 담관세포암,
간담도췌외과, 간절제술,
간담도췌외과, 복강경 담낭 절제술,
간담도췌외과, 종양 절제술,
간담도췌외과, 간암,
간담도췌외과, 췌장암,
간담도췌외과, 담도암,
간담도췌외과, 담낭암,
간담도췌외과, 담석,
간담도췌외과, 간경화,
간담도췌외과, 간이식,
위장관외과 (UGI), 위장관 출혈,
위장관외과 (UGI), 위암,
위장관외과 (UGI), 위 절제술,
위장관외과 (UGI), 위장관 간질종양 (GIST),
위장관외과 (UGI), 소화성 궤양,
위장관외과 (UGI), 장유착증,
위장관외과 (UGI), 각종 악성 및 양성 종양,
위장관외과 (UGI), 고도비만수술,
대장 항문외과 (LGI), 치핵,
대장 항문외과 (LGI), 치열,
대장 항문외과 (LGI), 변비,
대장 항문외과 (LGI), 배변장애,
대장 항문외과 (LGI), 과민성 대장 증후군,
대장 항문외과 (LGI), 직장 암,
대장 항문외과 (LGI), 대장암,
대장 항문외과 (LGI), 염증성 장 질환,
대장 항문외과 (LGI), 탈장,
흉부외과, 대동맥박리,
흉부외과, 대동맥판막 협창증,
혈관외과, 대동맥 박리증,
혈관외과, 다까야수병,
혈관외과, 경동맥 협착 및 폐색,
혈관외과, 버거병,
혈관외과, 당뇨족,
혈관외과, 레이노드씨 병,
혈관외과, 림프 부종,
혈관외과, 만성신부전 환자,
성형외과, 미용성형,
성형외과, 기본 재건술,
성형외과, 보톡스,
성형외과, 유방 절제술 이후 유방 재건,
성형외과, 안면 골절,
성형외과, 흉터성형,
성형외과, 수부외상,
신경외과, 뇌종양,
신경외과, 파킨슨,
신경외과, 사경,
신경외과, 삼차신경통,
신경외과, 모야모야병,
신경외과, 두부외상질환,
신경외과, 뇌졸중,
신경외과, 퇴행성 척추질환,
신경외과, 척추 종양,
신경외과, 뇌동맥기형,
신경외과, 뇌해면상혈관종,
신경외과, 뇌동맥류,
산부인과, 자궁근종,
산부인과, 자궁암,
산부인과, 다낭성난소증후군,
산부인과, 자궁내막암,
산부인과, 자궁경부암,
산부인과, 난소암,
산부인과, 난소낭종,
정형외과, 통풍,
정형외과, 디스크,
정형외과, 족저근막염,
정형외과, 오십견,
정형외과, 퇴행성 관절염,
정형외과, 무지 외반증,
정형외과, 수족냉증,
정형외과, 강직성 척추염,
정형외과, 류머티즘 관절염,
정형외과, 손목 건초염,
정형외과, 손목터널증후군,
비뇨의학과, 선천성 음낭 수종,
비뇨의학과, 정류 고환,
비뇨의학과, 요실금,
비뇨의학과, 방광암,
비뇨의학과, 고환암,
비뇨의학과, 부신종양,
비뇨의학과, 신장암,
비뇨의학과, 성 기능 장애,
비뇨의학과, 남성 불임,
비뇨의학과, 과민성 방광,
비뇨의학과, 전립선 비대증,
마취통증의학과, 외래 마취,
마취통증의학과, 수술 마취,
마취통증의학과, 진정 마취,
마취통증의학과, 통증 경감,
안과, 망막 혈관 질환,
안과, 당뇨 망막병증,
안과, 망막 발기,
안과, 각막 궤양,
안과, 백내장,
안과, 녹내장,
이비인후과, 고막염,
이비인후과, 중이염,
이비인후과, 난청,
이비인후과, 메니에르병,
이비인후과, 감기,
이비인후과, 미로염,
이비인후과, 외이도염,
이비인후과, 고막 천공,
이비인후과, 이명,
이비인후과, 이석증,
이비인후과, 현훈,
이비인후과, 부비동염,
이비인후과, 비염,
이비인후과, 수면 무호흡증,
이비인후과, 구강암,
중환자·외상외과, 중환자,
중환자·외상외과, 중증외상환자,
중환자·외상외과, 급성복증 환자,
가정의학과, 두통,
가정의학과, 어지럼증,
가정의학과, 건강진단,
가정의학과, 갑상선 질환,
가정의학과, 복부 불편감,
가정의학과, 불안증,
가정의학과, 비만,
가정의학과, 고혈압,
가정의학과, 지방간,
가정의학과, 체중 변화,
가정의학과, 흉통,
가정의학과, 소화성 궤양,
가정의학과, 수면장애,
가정의학과, 예방접종,
가정의학과, 당뇨병,
가정의학과, 기침,
가정의학과, 관절통,
방사선종양학과, 방광암,
방사선종양학과, 유방암,
방사선종양학과, 간암,
재활의학과, 뇌졸중,
재활의학과, 파킨슨,
재활의학과, 연하장애,
재활의학과, 인지장애,
재활의학과, 허리 통증,
재활의학과, 요통,
재활의학과, 어깨 통증,
재활의학과, 인공관절전치환술 환자,
재활의학과, 림프부종,
재활의학과, 뇌성마비,
재활의학과, 사경,
재활의학과, 척추측만증,
정신건강의학과, 조현병,
정신건강의학과, 우울증,
정신건강의학과, 자해,
정신건강의학과, 번아웃 증후군,
정신건강의학과, 외상 후 스트레스 장애 (PTSD),
정신건강의학과, 배설장애,
정신건강의학과, 틱장애,
정신건강의학과, 주의력결핍과잉행동장애 (ADHD),
정신건강의학과, 자살,
신경과, 치매,
신경과, 뇌졸중,
신경과, 파킨슨병,
신경과, 두통,
신경과, 난치성 뇌전증,
신경과, 척수질환,
신경과, 수면 장애,
신경과, 다발성 경화증,
응급의학과, 급성기 뇌졸중,
응급의학과, 급성심근경색,
응급의학과, 심장마비,
응급의학과, 중증외상환자,
피부과, 알레르기성 피부질환,
피부과, 습진성 피부질환,
피부과, 곰팡이에 의한 피부 감염증,
피부과, 유전성 피부질환,
피부과, 피부 면역 질환,
피부과, 피부 악성 및 양성 종양,
피부과, 여드름,
피부과, 주름,
피부과, 흉터,
소아청소년과, 소아혈액종양,
소아청소년과, 랑게르한스세포조직구증,
소아청소년과, 소아뇌전증,
소아청소년과, 비만,
소아청소년과, 간염,
소아청소년과, 가와사키병,
소아청소년과, 아토피피부염,
소아청소년과, 천식,
소아청소년과, 비염,
소아청소년과, 발달지연,
소아청소년과, 선천성 기형,
소아청소년과, 다운증후군,
영상의학과, 대부분의 질환,
병리과, 대부분의 질환,
진단검사의학과, 대부분의 질환,
핵의학과, 갑상선 기능 항진증,
핵의학과, 갑상선암,
